{
  "project_info": {
    "project_number": "844162614794",
    "firebase_url": "https://project-navonmesh.firebaseio.com",
    "project_id": "project-navonmesh",
    "storage_bucket": "project-navonmesh.appspot.com"
  },
  "client": [
    {
      "client_info": {
        "mobilesdk_app_id": "1:844162614794:android:32ea04e246d9f80f",
        "android_client_info": {
          "package_name": "innonitr.com.project_navonmesh"
        }
      },
      "oauth_client": [
        {
          "client_id": "844162614794-kec92t1jn44lidaot8paa47674tk9tv2.apps.googleusercontent.com",
          "client_type": 3
        }
      ],
      "api_key": [
        {
          "current_key": "AIzaSyAfOGkIYKXrlbvwIDqDJ4lA49xjBOL9k1M"
        }
      ],
      "services": {
        "appinvite_service": {
          "other_platform_oauth_client": [
            {
              "client_id": "844162614794-kec92t1jn44lidaot8paa47674tk9tv2.apps.googleusercontent.com",
              "client_type": 3
            }
          ]
        }
      }
    }
  ],
  "configuration_version": "1"
}